id,City,Country,CountryCode
100,The Valley,Lebanon,AG
101,Riverside,"Tanzania, United Republic of",GW
102,Tiraspol,"Korea, Republic of",TT
103,Belgrade,Finland,ML
104,Glasgow,Armenia,VN
105,Port Blair,Colombia,NF
106,Papeete,Austria,KM
107,Belfast,Yemen,BN
108,Curitiba,Namibia,DJ
109,Nizhny Novgorod,Iceland,BN
110,Podgorica,France,NG
111,Toulouse,Malta,GI
112,Guatemala City,Saint Kitts and Nevis,PT
113,Gaborone,Syrian Arab Republic,GY
114,Maracaibo,Marshall Islands,GI
115,Mersin,Suriname,BE
116,Melekeok,"Korea, Republic of",FM
117,Chittagong,Madagascar,IO
118,Melekeok,Marshall Islands,GS
119,Novosibirsk,Martinique,NO
120,Taichung,AndorrA,LC
121,Damascus,Samoa,VE
122,Malé,"Palestinian Territory, Occupied",MK
123,Porto,Norway,OM
124,Bursa,China,TN
125,Nakhon Ratchasima,Turkmenistan,CX
126,Magadan,French Southern Territories,ST
127,Dhaka,Anguilla,KE
128,Rabat,Seychelles,TF
129,Linz,Romania,SR
130,Bahía Blanca,Estonia,MT
131,Ilhéus,Peru,ET
132,Koulikoro,Trinidad and Tobago,ET
133,Koror,Cameroon,SH
134,Turin,Barbados,MW
135,Konya,Panama,GU
136,San Antonio,American Samoa,RU
137,Austin,Morocco,HR
138,Invercargill,Mauritania,CM
139,Multan,Norway,BH
140,Kandy,Norway,LA
141,Xi'an,Cameroon,ZW
142,Geneva,"Virgin Islands, U.S.",RU
143,Rockhampton,Bahamas,UY
144,Ouagadougou,Qatar,SN
145,Dunedin,Tunisia,HM
146,Luanda,Bermuda,BT
147,Providence,Egypt,BS
148,Odessa,Honduras,LR
149,Kaliningrad,Tuvalu,GR
150,Panama City,Guam,MG
151,Srinagar,Oman,IT
152,Málaga,Swaziland,VG
153,Dededo,Kyrgyzstan,CD
154,Algiers,Paraguay,LA
155,Koror,Switzerland,AW
156,Adelaide,Burkina Faso,AT
157,Surabaya,"Virgin Islands, British",BE
158,Nanning,Ethiopia,GD
159,Marseille,Turkey,DO
160,Dammam,Liechtenstein,AS
161,Hilo,Tuvalu,AX
162,Gaziantep,Isle of Man,GY
163,Auckland,Haiti,KZ
164,St. Louis,Kiribati,CK
165,Yakutsk,Cambodia,SG
166,Da Nang,Lebanon,FR
167,Omdurman,Yemen,WF
168,Minsk,"Cote D""Ivoire",LU
169,New Delhi,Faroe Islands,WS
170,Birkirkara,Turks and Caicos Islands,AT
171,Dededo,Vanuatu,CM
172,Shenyang,Swaziland,MM
173,Geelong,Norfolk Island,BN
174,Baghdad,Lebanon,JE
175,Chengdu,Guyana,BB
176,Lagos,Colombia,MX
177,San Francisco,"Cote D""Ivoire",GG
178,Phuket (city),Solomon Islands,AL
179,Surabaya,British Indian Ocean Territory,SY
180,Boston,Reunion,PH
181,Oklahoma City,Grenada,BF
182,Valdivia,Christmas Island,DJ
183,Albuquerque,Malaysia,FI
184,Quetzaltenango,Gambia,CK
185,Warsaw,Belarus,PH
186,Vientiane,"Virgin Islands, U.S.",BI
187,Fort-de-France,Åland Islands,DE
188,Christchurch,"Moldova, Republic of",ZW
189,San José,Guinea,CN
190,Toronto,Libyan Arab Jamahiriya,HK
191,Dhaka,Iceland,KP
192,Tripoli,Antigua and Barbuda,TT
193,Bangalore,Morocco,PY
194,Jerusalem,Kyrgyzstan,MW
195,Fredericton,Nepal,ZA
196,Maceió,South Africa,ML
197,Istanbul,Mauritania,FK
198,Konya,Georgia,VG
199,Brikama,Barbados,AD
200,Magadan,Togo,BO
201,Beijing,Swaziland,NG
202,Bangkok,Bahamas,PE
203,Nouméa,Switzerland,IM
204,Serekunda,Bosnia and Herzegovina,IS
205,Chittagong,Lithuania,BY
206,Dunedin,Liberia,QA
207,Rabi Island,Paraguay,UG
208,Ho Chi Minh City,Sudan,PN
209,Gdańsk,Malaysia,GH
210,Kabul,AndorrA,OM
211,Porto Velho,Myanmar,YE
212,Avarua,Israel,DO
213,Atlanta,Germany,FJ
214,Berlin,"Iran, Islamic Republic Of",CM
215,Hat Yai,Aruba,PE
216,Cincinnati,Albania,MS
217,Rio Branco,Romania,IR
218,Bangalore,Sierra Leone,MP
219,Macau,Belize,HN
220,Bishkek,Morocco,FJ
221,Cannes,Senegal,BH
222,Koror,Central African Republic,BH
223,Port Blair,Syrian Arab Republic,VI
224,Hyderabad,Lebanon,HU
225,Kaesong,Cocos (Keeling) Islands,AU
226,Oslo,Namibia,GF
227,Taipei,Mali,DE
228,Bogor,Papua New Guinea,UM
229,Medan,Uganda,SH
230,Hargeisa,Sweden,SV
231,Gibraltar,Ghana,HN
232,Stanley,Åland Islands,MM
233,Maseru,Senegal,MZ
234,Ahmedabad,Uruguay,AX
235,Geneva,Iraq,KH
236,Oranjestad,Sweden,FJ
237,Tbilisi,Guyana,MS
238,Dili,Zambia,JP
239,Ljubljana,Tokelau,IR
240,Rio Branco,"Congo, The Democratic Republic of the",KM
241,Tiraspol,Spain,ST
242,Jamestown,Colombia,HU
243,Pattaya,Samoa,CR
244,Majuro,Uzbekistan,KZ
245,Nouméa,"Palestinian Territory, Occupied",JE
246,Ilhéus,Cambodia,TV
247,Boston,Sierra Leone,GL
248,Sapporo,Latvia,AM
249,Batticaloa,Serbia and Montenegro,JO
250,Bishkek,Iraq,EH
251,Toulouse,Bermuda,PM
252,Helsinki,Brunei Darussalam,KW
253,Funafuti,"Lao People""S Democratic Republic",IN
254,Luxembourg (city),South Africa,DO
255,Portland,Benin,VI
256,Vientiane,Nauru,GB
257,Chihuahua,Tunisia,CG
258,Brasília,Qatar,TK
259,Wellington,Christmas Island,BW
260,Novosibirsk,Christmas Island,EG
261,Tartu,French Guiana,AZ
262,Dalian,Tokelau,NL
263,Caracas,Morocco,SK
264,Zapopan,Northern Mariana Islands,EH
265,Freetown,Armenia,SH
266,Ambon,Uzbekistan,SD
267,San Salvador,Bahrain,LU
268,Hat Yai,Somalia,HT
269,Sydney,Germany,TM
270,El Paso,Zambia,NF
271,Sydney,South Africa,CL
272,Istanbul,Mayotte,YE
273,The Hague,Mali,AE
274,Dalian,Romania,LC
275,Medellín,AndorrA,BO
276,Milwaukee,"Cote D""Ivoire",BJ
277,Adelaide,Brazil,TO
278,Mumbai,Vanuatu,TV
279,Douala,Honduras,MK
280,Gdańsk,Aruba,IN
281,Port Hedland,Malta,SE
282,Daegu,Belarus,EG
283,Malabo,Greenland,CI
284,Minneapolis,Colombia,NC
285,Canberra,Timor-Leste,HT
286,El Paso,Saint Pierre and Miquelon,SO
287,Santa Cruz de Tenerife,Thailand,GP
288,Brikama,RWANDA,RW
289,Omsk,San Marino,KZ
290,São Tomé,Oman,BD
291,Mamoudzou,Qatar,SG
292,Adelaide,Fiji,MR
293,Belgrade,Vanuatu,CF
294,Seville,Mongolia,CV
295,Dubai,Afghanistan,SC
296,Huế,Russian Federation,NU
297,Cork (city),Jersey,AS
298,Johannesburg,Israel,CX
299,Edmonton,Nepal,GH
300,Bridgetown,Cocos (Keeling) Islands,HU
301,Barranquilla,Malawi,MP
302,Yakutsk,"Iran, Islamic Republic Of",NP
303,Adak,Finland,MG
304,Jakarta,Namibia,BW
305,Zagreb,Angola,CZ
306,Leeds,Nauru,GF
307,Brussels,Antigua and Barbuda,IQ
308,Arequipa,Antarctica,BS
309,Cairo,Nepal,BB
310,Changchun,Malta,RU
311,Caracas,Bahrain,QA
312,Vladivostok,Cuba,KY
313,San José,Western Sahara,BY
314,Mamoudzou,Tuvalu,AN
315,Istanbul,Turks and Caicos Islands,CN
316,Livingstone,Russian Federation,SD
317,Lucknow,Aruba,GD
318,Philadelphia,Egypt,MH
319,Assis,Mali,KM
320,Washington,Bahamas,MC
321,Nouméa,Senegal,AM
322,Samara,Germany,IE
323,Baltimore,Sierra Leone,DM
324,Cebu City,Cameroon,TD
325,Hangzhou,China,VE
326,Avarua,Romania,GG
327,Aberdeen,Mayotte,VN
328,Mandurah,Holy See (Vatican City State),PW
329,Mecca,Netherlands,CY
330,Ndola,Cayman Islands,CU
331,Split (city),Czech Republic,CX
332,Ljubljana,Ecuador,BB
333,Malang,AndorrA,NR
334,Bahía Blanca,Yemen,KR
335,Gibraltar,Bhutan,AF
336,Málaga,Chile,VN
337,Kharkiv,Anguilla,EG
338,Phoenix,Zimbabwe,TJ
339,Mecca,French Guiana,MU
340,Stanley,Isle of Man,ES
341,Concepción,Greece,ST
342,Nuuk,Morocco,IN
343,Indianapolis,Aruba,GH
344,Lima,Samoa,AD
345,Hat Yai,Benin,CZ
346,Hiroshima,Slovakia,CZ
347,Honiara,Gambia,QA
348,Charlotte Amalie,Reunion,AE
349,Osaka,Holy See (Vatican City State),MK
350,Indianapolis,Kyrgyzstan,IS
351,Porto Velho,Equatorial Guinea,SI
352,Nukus,Malaysia,DK
353,Tegucigalpa,"Iran, Islamic Republic Of",GG
354,Calama,Afghanistan,PW
355,Leeds,Ethiopia,AN
356,Hat Yai,Botswana,RW
357,Freetown,Luxembourg,HU
358,Bissau,Tajikistan,PL
359,Monrovia,"Moldova, Republic of",WS
360,Almaty,El Salvador,NC
361,Yaoundé,"Virgin Islands, British",NI
362,Cockburn Town,Peru,NC
363,Iquitos,Equatorial Guinea,IM
364,São José dos Campos,Åland Islands,LY
365,Brussels,Seychelles,FR
366,Paris,Botswana,VE
367,Jamestown,Afghanistan,GH
368,Quebec City,"Korea, Republic of",SY
369,Milan,Tunisia,MH
370,San Juan,Denmark,LS
371,Warsaw,United States Minor Outlying Islands,AN
372,Denpasar,Singapore,GB
373,Manchester,Turkey,CO
374,Port Blair,"Cote D""Ivoire",VI
375,Rawalpindi,Montserrat,NI
376,Doha,Armenia,GN
377,Tripoli,Cameroon,AE
378,Zapopan,Portugal,AX
379,Málaga,Suriname,AE
380,Thiès,Åland Islands,AR
381,Pago Pago,Sao Tome and Principe,TJ
382,Surat,Tajikistan,GU
383,Xi'an,Cyprus,SN
384,São José dos Campos,Guinea,GE
385,Tucson,Solomon Islands,GE
386,Iquitos,AndorrA,GU
387,Lhasa,French Polynesia,VA
388,Tashkent,Grenada,ET
389,Valdivia,China,SC
390,Bissau,"Cote D""Ivoire",BD
391,Omsk,Singapore,CS
392,Melekeok,"Korea, Democratic People""S Republic of",HM
393,Yaren District,Armenia,SH
394,Tamale,Tuvalu,CZ
395,Chittagong,Lebanon,MD
396,Ahmedabad,Dominican Republic,MK
397,Charlottetown,Svalbard and Jan Mayen,BS
398,Hanga Roa,Somalia,TW
399,Horta (Azores),Jamaica,MD
400,Berlin,Angola,CR
401,Ciudad del Este,Brazil,LC
402,Majuro,Bangladesh,BS
403,Saipan,Colombia,MQ
404,Lyon,Qatar,GN
405,Djibouti (city),Argentina,NC
406,Kota Bharu,Gibraltar,SE
407,Malmö,Chile,CV
408,Medina,Bouvet Island,PY
409,Jerusalem,Botswana,EG
410,Kano,Saint Pierre and Miquelon,TT
411,Zapopan,Pakistan,KE
412,Nice,Papua New Guinea,DE
413,Zapopan,Palau,CI
414,Kaesong,Svalbard and Jan Mayen,CV
415,Yakutsk,Timor-Leste,CG
416,Basse-Terre,Lesotho,EE
417,Pittsburgh,Nauru,SY
418,Rotterdam,Montserrat,IN
419,Petropavlovsk-Kamchatsky,Sweden,BR
420,Havana,Oman,MV
421,Port Vila,Georgia,KP
422,Malé,Antarctica,NL
423,Konya,Somalia,CI
424,Saint John,Marshall Islands,BA
425,Casablanca,Saint Lucia,GP
426,Bujumbura,Mauritania,TF
427,Bratislava,Tuvalu,MU
428,Campinas,Bouvet Island,SB
429,Virginia Beach,"Iran, Islamic Republic Of",NO
430,Hargeisa,Portugal,ZW
431,Weno,Sweden,FK
432,Santiago de Cuba,Kyrgyzstan,TZ
433,Tokyo,Cocos (Keeling) Islands,KM
434,Nanning,"Moldova, Republic of",GL
435,Murmansk,Iceland,SR
436,Santa Cruz de Tenerife,Viet Nam,SR
437,Lima,Croatia,IM
438,Pekanbaru,Mali,LI
439,Tamale,Venezuela,CK
440,Avarua,Equatorial Guinea,KP
441,São Tomé,Ethiopia,YT
442,Puebla,Mali,ES
443,Belize City,"Lao People""S Democratic Republic",MD
444,Santo Domingo,Turkey,TZ
445,Cairo,Mongolia,AU
446,Port Said,Bhutan,GB
447,Recife,Iceland,SY
448,Baltimore,Benin,MC
449,Lahore,Gabon,PE
450,Chuí,Grenada,SO
451,Bilbao,Slovakia,CR
452,Odessa,Venezuela,DK
453,Port Vila,Slovenia,MO
454,City of San Marino,Burundi,MD
455,Zagreb,Costa Rica,SD
456,Charlotte,Morocco,SY
457,George Town,Ukraine,GL
458,Calgary,Hong Kong,ID
459,Taichung,Saint Pierre and Miquelon,BW
460,Hagåtña,Tuvalu,SC
461,Handan,"Taiwan, Province of China",NC
462,Tucson,Hong Kong,JP
463,Dakar,United States Minor Outlying Islands,UY
464,Daegu,Guernsey,BV
465,Antofagasta,New Zealand,GP
466,Oranjestad,Cuba,SC
467,Multan,Vanuatu,JP
468,Bangalore,"Lao People""S Democratic Republic",IE
469,Washington,Liechtenstein,WF
470,Alexandria,Wallis and Futuna,LU
471,Invercargill,Guam,VN
472,Riyadh,Equatorial Guinea,BJ
473,Salzburg,Netherlands Antilles,MY
474,Dededo,Denmark,KE
475,Portland,Bahamas,FK
476,Pune,Chile,CY
477,Surat,Antarctica,DO
478,Horta (Azores),Japan,AI
479,Lahore,Benin,GE
480,New Delhi,Yemen,CM
481,Mashhad,Bahamas,BZ
482,Lisbon,Paraguay,VE
483,Sapporo,Togo,GF
484,Astana,Christmas Island,TJ
485,Bamako,Jordan,SC
486,Chişinău,Dominican Republic,SJ
487,Fortaleza,Monaco,LT
488,Saint-Pierre,Burundi,KW
489,Makati City,Tuvalu,GB
490,Hong Kong,Wallis and Futuna,PT
491,Veracruz,United Arab Emirates,GB
492,Weno,Australia,HK
493,Antofagasta,Greenland,BF
494,Tamale,Åland Islands,TT
495,Dunedin,Sierra Leone,SY
496,Memphis,Netherlands Antilles,LT
497,Naples,Isle of Man,NL
498,San Salvador,Reunion,SA
499,St. John's,Marshall Islands,VE
500,Praia,Mozambique,DK
501,San Salvador,Holy See (Vatican City State),MS
502,Guayaquil,French Polynesia,BO
503,Mumbai,"Virgin Islands, British",UG
504,Accra,Georgia,NE
505,Madrid,Macao,MC
506,Zürich,Pakistan,LS
507,Pontianak,Guatemala,LY
508,Thiès,Pakistan,LB
509,Bloemfontein,Turkmenistan,BJ
510,Castries,Saint Kitts and Nevis,KE
511,Yangon,Dominica,UM
512,Shijiazhuang,Christmas Island,SH
513,Seoul,Kuwait,MG
514,Prague,United Kingdom,NC
515,Lucknow,Tunisia,CC
516,Rockhampton,Brazil,GE
517,Dar es Salaam,New Caledonia,AF
518,Adamstown,Senegal,CH
519,Podgorica,San Marino,UM
520,Sana'a,Papua New Guinea,MP
521,Surat Thani,Anguilla,CI
522,Belgrade,Solomon Islands,CD
523,Punta Arenas,China,JP
524,Iqaluit,Congo,SB
525,Maseru,Nepal,EG
526,Abidjan,Libyan Arab Jamahiriya,PN
527,Budapest,Panama,IN
528,Dubai,Togo,CU
529,Los Angeles,Mauritius,CA
530,Thessaloniki,Guyana,IO
531,Canberra,Yemen,BN
532,Dalian,French Guiana,NP
533,Rosario,Norfolk Island,IT
534,Amman,Estonia,MO
535,Las Palmas de Gran Canaria,Tokelau,JP
536,Nanning,Poland,GE
537,Manila,Gambia,LS
538,Hagåtña,United States,RO
539,Kota Bharu,Brunei Darussalam,AT
540,Hilo,Chile,GD
541,Berlin,France,GD
542,Omsk,Kuwait,NA
543,Xining,Equatorial Guinea,MU
544,Bucharest,New Zealand,AW
545,Busan,Viet Nam,KY
546,Padang,Croatia,GM
547,Albuquerque,Suriname,NL
548,La Paz,United States Minor Outlying Islands,AF
549,Doha,Puerto Rico,TD
550,Chongqing,Croatia,BR
551,Tampa,"Korea, Democratic People""S Republic of",TJ
552,Kabul,Djibouti,NU
553,Surat,Yemen,GG
554,Hanga Roa,Belize,FJ
555,Las Palmas de Gran Canaria,Greenland,NE
556,Sofia,Zambia,SY
557,Port Said,"Lao People""S Democratic Republic",MD
558,Lhasa,Turks and Caicos Islands,KE
559,Sofia,Turks and Caicos Islands,IL
560,Lanzhou,Tuvalu,KM
561,Ho Chi Minh City,Macao,BT
562,Port Louis,RWANDA,AE
563,Kano,Finland,RO
564,Caracas,United States Minor Outlying Islands,UG
565,Busan,Macao,GH
566,Daegu,Latvia,GH
567,Timbuktu,French Guiana,CG
568,Jayapura,Czech Republic,LS
569,Novosibirsk,Portugal,IO
570,Asunción,Benin,YE
571,Honolulu,Estonia,LI
572,Tiraspol,El Salvador,TO
573,Ilhéus,Tokelau,KM
574,Hagåtña,Chad,SE
575,Vilnius,Belize,BO
576,Oslo,Guatemala,LU
577,Vancouver,Zambia,NZ
578,N'Djamena,Djibouti,TT
579,Patna,"Micronesia, Federated States of",KG
580,Cali,Sri Lanka,LI
581,Fort-de-France,Luxembourg,PT
582,Douala,Panama,TC
583,Dunedin,Vanuatu,TD
584,Calgary,"Korea, Democratic People""S Republic of",IS
585,Punta Arenas,Hungary,QA
586,Xining,"Taiwan, Province of China",JE
587,Fukuoka,Vanuatu,PH
588,Hobart,Albania,MN
589,Mashhad,Morocco,CG
590,Sukhumi,Heard Island and Mcdonald Islands,NR
591,Cape Town,Palau,LR
592,Anchorage,Netherlands,RE
593,Surabaya,Sudan,ZM
594,Porto-Novo,Swaziland,GH
595,Sofia,"Virgin Islands, U.S.",NC
596,Zapopan,Cayman Islands,QA
597,Quezon City,South Africa,KG
598,Madrid,Switzerland,BN
599,Mashhad,India,UM
600,Whitehorse,Antarctica,BF
601,Lhasa,El Salvador,SV
602,Portland,Botswana,SY
603,Colombo,RWANDA,UM
604,San Carlos de Bariloche,Poland,TV
605,Pattaya,Mozambique,YT
606,Santa Cruz de la Sierra,United States,BD
607,Sydney,Bangladesh,FI
608,Chişinău,Portugal,NP
609,Yogyakarta (city),Saint Helena,CC
610,Puerto Williams,"Virgin Islands, British",CV
611,Amman,Guernsey,AG
612,Lobamba,Namibia,MW
613,Norilsk,San Marino,ER
614,Addis Ababa,Sao Tome and Principe,GL
615,Asunción,Niger,GM
616,Chiang Mai,Monaco,DO
617,Buffalo,Netherlands,FR
618,Surat Thani,China,KI
619,Lviv,Somalia,GT
620,Madrid,Morocco,NI
621,Kaesong,Pitcairn,PM
622,Nanjing,Aruba,MN
623,Ilhéus,Equatorial Guinea,IE
624,Frankfurt,Kazakhstan,CK
625,Dhaka,Marshall Islands,TF
626,Atlanta,Armenia,WS
627,Winnipeg,Georgia,CX
628,Islamabad,Cayman Islands,FJ
629,Lisbon,Netherlands Antilles,AG
630,Apia,Cameroon,PM
631,Makati City,Saint Lucia,LB
632,Yogyakarta (city),Macao,KM
633,Stockholm,"Tanzania, United Republic of",TK
634,Dammam,Burundi,SJ
635,Port Elizabeth,Macao,IQ
636,Nicosia,Niue,WS
637,Graz,Finland,AU
638,Rochester,French Polynesia,MR
639,Vancouver,Sweden,GD
640,Bangui,Italy,CA
641,Shillong,Mali,BF
642,Paris,Bolivia,TW
643,Recife,New Zealand,TZ
644,San José,Suriname,ST
645,Changchun,Sao Tome and Principe,UM
646,Cardiff,Papua New Guinea,GI
647,Milan,Netherlands Antilles,TW
648,Port Vila,"Cote D""Ivoire",NZ
649,Mamoudzou,Guyana,GF
650,Nagpur,Eritrea,JE
651,Simferopol,Mauritius,BZ
652,Hargeisa,"Palestinian Territory, Occupied",NA
653,Majuro,"Iran, Islamic Republic Of",ES
654,Medellín,Peru,AT
655,Kiev,Hungary,PS
656,Istanbul,Christmas Island,IQ
657,Rabi Island,Gambia,HU
658,Ndola,Pitcairn,JE
659,Moroni,Tonga,ZA
660,Kinshasa,Ghana,TH
661,Moroni,Liechtenstein,DM
662,Dongguan,Honduras,KM
663,Vladivostok,Burundi,NC
664,Simferopol,Guinea-Bissau,EH
665,Saint John,Argentina,KG
666,Tskhinvali,Netherlands,GD
667,Ilhéus,Cameroon,GL
668,Papeete,Armenia,PW
669,Ankara,Burkina Faso,PL
670,Xining,Bolivia,DK
671,Nanjing,Antarctica,PK
672,Pyongyang,Åland Islands,GI
673,Manzini,Myanmar,CA
674,Sacramento,Iraq,LY
675,Kigali,Senegal,BI
676,Medan,Turkmenistan,MH
677,Port Said,French Polynesia,AL
678,Cincinnati,Hungary,NF
679,Ciudad del Este,Comoros,RW
680,Pretoria,Qatar,CR
681,Chongqing,India,NG
682,Makati City,Zambia,IR
683,Yekaterinburg,Djibouti,IQ
684,Hobart,Romania,GP
685,Sydney,Italy,EH
686,Kota Kinabalu,Jordan,PK
687,Bandung,Mexico,JP
688,São Paulo,Aruba,JE
689,Saskatoon,"Taiwan, Province of China",SM
690,Tampa,Suriname,NP
691,San Salvador,United Kingdom,MT
692,Puerto Williams,Sweden,CA
693,Stanley,Puerto Rico,BH
694,Pyongyang,Niger,ST
695,Split (city),"Korea, Republic of",TC
696,Vienna,Bouvet Island,AT
697,Lubumbashi,Iraq,GE
698,Horta (Azores),Barbados,KZ
699,Qingdao,Macao,AN
700,Christchurch,RWANDA,ST
701,Amritsar,Saint Kitts and Nevis,PG
702,Chengdu,Djibouti,GB
703,Siem Reap,"Tanzania, United Republic of",LI
704,Porto Alegre,Singapore,MA
705,Banda Aceh,Guam,MA
706,Rotterdam,Gibraltar,GT
707,Bangui,Bulgaria,SM
708,Belize City,Syrian Arab Republic,BM
709,Zhengzhou,Armenia,AM
710,Bissau,Tunisia,VI
711,Ndola,Turkey,NO
712,Turin,Canada,PE
713,Makassar,Dominican Republic,MK
714,Cannes,Svalbard and Jan Mayen,KN
715,Santo Domingo,Barbados,BY
716,Fortaleza,Qatar,TG
717,Agartala,Bahamas,TC
718,Basse-Terre,Kenya,BM
719,Gaborone,Uzbekistan,FI
720,Bamako,India,PN
721,Perth,New Caledonia,NC
722,Glasgow,Cayman Islands,YT
723,Nicosia,United Kingdom,SN
724,Antananarivo,Costa Rica,GE
725,Taichung,Switzerland,GR
726,Incheon,Marshall Islands,NI
727,Incheon,Dominica,NF
728,Mersin,Libyan Arab Jamahiriya,IM
729,Cairo,Zambia,TK
730,Belize City,Christmas Island,GT
731,Singapore,Dominica,YT
732,Philadelphia,Sierra Leone,TH
733,Fredericton,Tokelau,SN
734,Sukhumi,Comoros,BI
735,San José,Latvia,AG
736,London,Christmas Island,VI
737,Padang,Montserrat,TR
738,Padang,Saint Vincent and the Grenadines,MA
739,Port Vila,Angola,SG
740,Marrakech,Armenia,GM
741,Saint Petersburg,Liechtenstein,JM
742,Kolkata,Greenland,IT
743,Bangkok,Faroe Islands,GW
744,Geneva,Kazakhstan,ML
745,Vaduz,Wallis and Futuna,MR
746,Nouakchott,American Samoa,TF
747,Pekanbaru,Belgium,SB
748,Jinan,Central African Republic,AO
749,Ankara,Wallis and Futuna,SK
750,Panama City,Serbia and Montenegro,MP
751,Abidjan,Honduras,RE
752,Maputo,Libyan Arab Jamahiriya,HU
753,Jeddah,Viet Nam,IE
754,Handan,Sudan,TK
755,Antofagasta,Albania,RE
756,Córdoba,Mauritania,BF
757,Douglas,Denmark,KI
758,Ulan Bator,"Lao People""S Democratic Republic",SR
759,Johor Bahru,Guadeloupe,PR
760,Sabha,Libyan Arab Jamahiriya,PR
761,Chihuahua,American Samoa,BI
762,Saint-Denis,Vanuatu,MZ
763,Surat,"Taiwan, Province of China",IN
764,Colombo,Bosnia and Herzegovina,EH
765,Timbuktu,Peru,LA
766,Almaty,Puerto Rico,JP
767,Rome,Heard Island and Mcdonald Islands,AF
768,Padang,Azerbaijan,EG
769,Geelong,Lesotho,MT
770,Pago Pago,Singapore,BH
771,Vilnius,Solomon Islands,BM
772,Raleigh,Denmark,TV
773,Lagos,Heard Island and Mcdonald Islands,GQ
774,Manila,French Southern Territories,LC
775,Shenzhen,Benin,HK
776,Porto Velho,Macao,TO
777,Baku,Cayman Islands,CR
778,Palma,Kazakhstan,AS
779,Bahía Blanca,Somalia,AM
780,Yaren District,Guatemala,JP
781,Dublin,"Virgin Islands, U.S.",LT
782,Antwerp,Dominican Republic,SL
783,Zamboanga City,Suriname,NL
784,Baltimore,Niue,AT
785,Zhengzhou,Antarctica,TK
786,Perth,Saudi Arabia,SB
787,Chişinău,Pitcairn,GI
788,Pattaya,Norway,LU
789,Manaus,Armenia,EE
790,Yokohama,Iraq,MQ
791,Saint John,"Congo, The Democratic Republic of the",GI
792,Conakry,Gambia,UY
793,Xining,Swaziland,GN
794,Faisalabad,Hungary,AU
795,Zhengzhou,Norfolk Island,SV
796,Birmingham,Lesotho,AD
797,Mérida,American Samoa,BN
798,Alexandria,French Southern Territories,KW
799,Hong Kong,San Marino,GW
800,Chittagong,Azerbaijan,GR
801,Campinas,Bouvet Island,NG
802,Oklahoma City,Japan,GL
803,Iloilo City,Belarus,IT
804,Caracas,South Africa,AW
805,Copenhagen,Ghana,LT
806,Castries,Zambia,VI
807,Saipan,Mozambique,MM
808,Greenwich,Albania,AF
809,Port Vila,Uzbekistan,EG
810,Bishkek,China,TV
811,Chihuahua,Bahamas,CV
812,İzmir,Timor-Leste,WS
813,Las Palmas de Gran Canaria,Guatemala,LR
814,Tórshavn,Canada,SZ
815,Las Palmas de Gran Canaria,Suriname,GT
816,Wuhan,Austria,JM
817,Petropavlovsk-Kamchatsky,Bouvet Island,VC
818,Shijiazhuang,Liberia,TD
819,Namangan,Azerbaijan,NU
820,Adana,Kiribati,KI
821,Muscat,El Salvador,AR
822,Canberra,Uruguay,NA
823,San Salvador,"Tanzania, United Republic of",KE
824,St. John's,Cook Islands,BW
825,Bloemfontein,Namibia,ZW
826,Tabriz,Liechtenstein,SE
827,Moroni,Latvia,CI
828,Libreville,Togo,SR
829,Tucson,"Tanzania, United Republic of",NU
830,Wonsan,Argentina,CA
831,Darwin,Turks and Caicos Islands,UZ
832,Kunming,Martinique,TC
833,Campinas,RWANDA,KI
834,Ashgabat,Algeria,MZ
835,Cockburn Town,Saudi Arabia,MY
836,Ciudad del Este,Mongolia,AX
837,Vancouver,Puerto Rico,MG
838,Naples,Cayman Islands,TG
839,Minneapolis,Spain,CD
840,Gold Coast,Holy See (Vatican City State),MR
841,Bishkek,Ghana,PG
842,Prague,Estonia,ER
843,Málaga,Cayman Islands,SV
844,Johor Bahru,Australia,CA
845,Cali,"Korea, Republic of",BV
846,Denpasar,Portugal,MK
847,Johannesburg,Bouvet Island,BE
848,Milwaukee,Haiti,AU
849,Nashville,Swaziland,UM
850,Fort-de-France,French Southern Territories,TO
851,Basra,India,SG
852,Valparaíso,Iceland,PM
853,Denpasar,Tuvalu,AF
854,Yekaterinburg,Zimbabwe,PS
855,Muscat,Seychelles,AG
856,Port of Spain,Guinea-Bissau,PN
857,Adana,"Korea, Republic of",TK
858,Guangzhou,Western Sahara,AE
859,Kano,South Georgia and the South Sandwich Islands,UA
860,Rawalpindi,Nepal,LU
861,Geneva,Guadeloupe,TO
862,Alofi,Guatemala,GH
863,Helsinki,Hungary,LU
864,Malmö,Mozambique,CZ
865,Los Angeles,Northern Mariana Islands,CF
866,Suva,French Southern Territories,IM
867,Port of Spain,"Korea, Republic of",VN
868,Charlotte,Somalia,RW
869,Manzini,Pitcairn,CH
870,Fortaleza,Armenia,KN
871,Mexicali,Saint Helena,KN
872,Kaohsiung,Bouvet Island,CZ
873,Iloilo City,Tunisia,VN
874,Bandung,Bhutan,TZ
875,Sana'a,Greenland,MS
876,Los Angeles,Falkland Islands (Malvinas),CH
877,Kota Kinabalu,Syrian Arab Republic,SN
878,Sabha,Somalia,VU
879,Zapopan,Lebanon,TW
880,Medellín,United Kingdom,AD
881,Campo Grande,Svalbard and Jan Mayen,LS
882,Tampa,Turks and Caicos Islands,VA
883,Porto Alegre,Aruba,ER
884,Toronto,RWANDA,MN
885,Bangkok,Greenland,LI
886,Durango,Chad,RW
887,Cologne,China,RE
888,Djibouti (city),Suriname,JM
889,Rawalpindi,Denmark,LB
890,Stanley,Dominican Republic,BJ
891,Puerto Williams,Latvia,KN
892,Libreville,Netherlands Antilles,MS
893,Regina,Greece,BN
894,Fort-de-France,Guatemala,LV
895,New Delhi,Israel,MH
896,Zürich,Norway,HM
897,Guangzhou,Malaysia,BV
898,Wollongong,Finland,KY
899,Chişinău,Bermuda,RU
900,Los Angeles,Costa Rica,MD
901,Pontianak,Western Sahara,SN
902,Vaduz,Uzbekistan,TV
903,Cusco,France,GW
904,The Hague,Japan,MM
905,Shenyang,Cook Islands,FJ
906,Innsbruck,Barbados,PR
907,Pyongyang,Nigeria,GS
908,Accra,Austria,NL
909,Manama,Tuvalu,CU
910,Port Vila,Zambia,LB
911,Yamoussoukro,Kenya,KE
912,Cincinnati,Romania,NE
913,Kansas City,RWANDA,BO
914,Murmansk,Sao Tome and Principe,GH
915,Juneau,Suriname,MY
916,Norilsk,United Arab Emirates,BH
917,Belmopan,Guinea-Bissau,PE
918,Nicosia,Anguilla,SE
919,Barcelona,Åland Islands,TD
920,Linz,Finland,GP
921,Suez,Northern Mariana Islands,KP
922,Iqaluit,Palau,AR
923,Shenyang,Viet Nam,BB
924,Hobart,El Salvador,BI
925,Tampere,Egypt,ZA
926,Shijiazhuang,Uruguay,GM
927,Hangzhou,Guinea,JE
928,Port Said,Hong Kong,UG
929,Xi'an,Netherlands Antilles,EG
930,Nantes,France,TW
931,Rosario,Cook Islands,TV
932,Manama,Italy,UM
933,Denpasar,Indonesia,GF
934,Ibadan,Azerbaijan,LK
935,Split (city),Paraguay,CN
936,Vatican City,Argentina,NP
937,Vladivostok,Australia,CX
938,Leeds,Anguilla,DO
939,Basse-Terre,Bangladesh,HK
940,Antwerp,Poland,PE
941,Astana,Slovakia,GL
942,Rockhampton,Gambia,MY
943,Gaziantep,Bangladesh,AL
944,Shenyang,Reunion,GT
945,Iqaluit,Yemen,AX
946,Copenhagen,Ghana,CC
947,Baltimore,Cook Islands,TT
948,Maracaibo,Bermuda,JP
949,Taipei,Gambia,AL
950,Port-au-Prince,Lesotho,AQ
951,Seoul,Guinea-Bissau,UZ
952,Port of Spain,Thailand,MY
953,Pyongyang,Jersey,MC
954,Lyon,Mongolia,AD
955,Montreal,Congo,IN
956,Yellowknife,Mauritius,AD
957,Vladivostok,Jersey,VI
958,Nashville,Mozambique,AE
959,Asunción,Iceland,GF
960,Thessaloniki,Senegal,SD
961,Malabo,Chad,KE
962,Adak,Reunion,KR
963,Andorra la Vella,Sweden,TF
964,Yamoussoukro,Guadeloupe,CL
965,Barranquilla,Senegal,PE
966,Lilongwe,Togo,SJ
967,Innsbruck,Yemen,SG
968,Tampere,Haiti,DE
969,Edmonton,Russian Federation,CF
970,Saipan,Guernsey,CA
971,Porto,Finland,AR
972,Chongqing,"Korea, Democratic People""S Republic of",BD
973,Zagreb,Jamaica,BI
974,Denver,Germany,GP
975,Surat,Malaysia,ID
976,Buenos Aires,Wallis and Futuna,MV
977,Pune,Bahrain,GE
978,Karachi,India,BA
979,Udon Thani,Ukraine,BE
980,Mexicali,Greece,ET
981,Kinshasa,Netherlands Antilles,SN
982,Manama,Costa Rica,PW
983,New York City,Burkina Faso,CD
984,Praia,Serbia and Montenegro,GT
985,Townsville,Tonga,GF
986,Zürich,Isle of Man,MS
987,Guwahati,Switzerland,MQ
988,Asmara,Timor-Leste,FJ
989,Kandahar,Bolivia,KE
990,Zamboanga City,Antarctica,LT
991,Willemstad,Liberia,MQ
992,Jerusalem,Turkmenistan,NO
993,Kaesong,Aruba,SD
994,Nouakchott,British Indian Ocean Territory,CK
995,Miami,Serbia and Montenegro,MC
996,London,Slovenia,AW
997,Blantyre,Poland,ET
998,Newcastle,Lebanon,MO
999,Hobart,Gambia,TZ
1000,Stuttgart,Greenland,PL
1001,Nicosia,Guinea-Bissau,PN
1002,Marrakech,Solomon Islands,CN
1003,Dar es Salaam,Swaziland,JO
1004,Nassau,Saint Kitts and Nevis,KM
1005,Budapest,Namibia,TL
1006,Durban,Zambia,BN
1007,Manzini,Denmark,SV
1008,Dunedin,Cape Verde,CC
1009,Alor Star,Kiribati,PG
1010,The Hague,"Korea, Republic of",BE
1011,Fredericton,Tajikistan,IT
1012,Assis,Uganda,TK
1013,Miami,Sudan,KH
1014,Sukhumi,El Salvador,AE
1015,Kandy,Canada,TJ
1016,Dibrugarh,Germany,CA
1017,Harare,Niue,LA
1018,New Orleans,Comoros,BN
1019,Saskatoon,Mongolia,GN
1020,Chihuahua,New Zealand,PH
1021,Ciudad del Este,Malaysia,NL
1022,Fort-de-France,Belgium,SB
1023,Longyearbyen,Guernsey,CL
1024,Zürich,Belarus,MZ
1025,Ludhiana,Dominica,NR
1026,Vladivostok,Kiribati,MZ
1027,Faisalabad,Norway,TM
1028,Warsaw,Dominican Republic,PH
1029,Tijuana,Ireland,CR
1030,Mbabane,Maldives,NA
1031,Bursa,Cape Verde,RE
1032,Jacksonville,Guyana,IQ
1033,Indianapolis,Mali,UZ
1034,Anchorage,Switzerland,KE
1035,Peshawar,Dominican Republic,LU
1036,Karachi,"Lao People""S Democratic Republic",TO
1037,Tashkent,Australia,KP
1038,Geneva,Kiribati,CY
1039,Kunming,Bangladesh,UM
1040,Faisalabad,Ireland,EC
1041,Lucknow,Colombia,CR
1042,Jerusalem,American Samoa,PK
1043,San Francisco,"Virgin Islands, British",BV
1044,Antofagasta,United States,NA
1045,Adamstown,Mauritius,DJ
1046,Port Moresby,Argentina,BI
1047,Kiev,Malta,MZ
1048,Shillong,Norway,NR
1049,Banda Aceh,Costa Rica,GQ
1050,Tskhinvali,Uruguay,CV
1051,Medina,Romania,DZ
1052,Memphis,Canada,ZA
1053,Kaesong,Poland,NA
1054,Palikir,Aruba,NE
1055,Brussels,Norfolk Island,KE
1056,Seville,Lithuania,GT
1057,Pretoria,Paraguay,SJ
1058,Fortaleza,Northern Mariana Islands,TW
1059,Toulouse,Tonga,JO
1060,Niamey,Colombia,PS
1061,Yaoundé,Mayotte,CO
1062,Bogotá,Niue,NF
1063,Bursa,"Cote D""Ivoire",FM
1064,Düsseldorf,Afghanistan,FI
1065,Karachi,Madagascar,GG
1066,Iloilo City,Indonesia,GN
1067,Tokyo,Cyprus,UM
1068,Changchun,Georgia,SV
1069,Bogotá,"Korea, Democratic People""S Republic of",NE
1070,Dededo,French Polynesia,BZ
1071,Lagos,Sao Tome and Principe,TM
1072,Palma,French Polynesia,AL
1073,Dresden,Uzbekistan,EH
1074,Hamburg,Poland,MY
1075,Quito,Niue,CD
1076,Shenyang,"Palestinian Territory, Occupied",DK
1077,Rio Branco,San Marino,SG
1078,Sarajevo,Cayman Islands,AW
1079,Pittsburgh,Samoa,AM
1080,Columbus,San Marino,BS
1081,San Antonio,Morocco,BW
1082,Multan,Pitcairn,TK
1083,Ashgabat,Kyrgyzstan,CF
1084,Buffalo,Luxembourg,IM
1085,Wuhan,Netherlands,AR
1086,Agartala,Central African Republic,TK
1087,Luxembourg (city),Macao,VC
1088,Zanzibar City,Wallis and Futuna,GF
1089,San Fernando,Norway,SB
1090,Bangalore,Marshall Islands,IS
1091,Jakarta,Singapore,OM
1092,Adak,South Georgia and the South Sandwich Islands,RO
1093,Siem Reap,Malta,CH
1094,Mexicali,Sri Lanka,UM
1095,Incheon,Puerto Rico,IQ
1096,Ahmedabad,"Micronesia, Federated States of",GG
1097,Kuala Lumpur,South Africa,NF
1098,Bishkek,Belarus,ER
1099,Batticaloa,Slovakia,LU